<manifest alg="2" build="2015.0.0.309" opt="false" iceEnabled="true" iceMarkupVersion="2" exportTarget="other" domain="gleriemiguel.com" resolutions="1x" timestamp="1637443285809">
  <folder name="css">
    <file name="site_global.css" crc="4052507572"/>
    <file name="master_a-gabarit.css" crc="4033906270" ref="index:galerie:video:a-propos-de-nous:contact"/>
    <file name="index.css" crc="4084463439" ref="index"/>
    <file name="galerie.css" crc="492815163" ref="galerie"/>
    <file name="video.css" crc="3916667677" ref="video"/>
    <file name="a-propos-de-nous.css" crc="4084463439" ref="a-propos-de-nous"/>
    <file name="contact.css" crc="510693775" ref="contact"/>
  </folder>
  <folder name="scripts">
    <file name="jquery-1.8.3.min.js" crc="4255413929" ref="index:a-propos-de-nous:contact:video:galerie"/>
    <file name="museutils.js" crc="183364071" ref="index:a-propos-de-nous:contact:video:galerie"/>
    <file name="jquery.musepolyfill.bgsize.js" crc="4004268962" ref="index:a-propos-de-nous:contact:video:galerie"/>
    <file name="jquery.musemenu.js" crc="3957776250" ref="index:a-propos-de-nous:contact:video:galerie"/>
    <file name="jquery.watch.js" crc="71412426" ref="index:a-propos-de-nous:contact:video:galerie"/>
    <file name="html5shiv.js" crc="4241844378" ref="index:a-propos-de-nous:contact:video:galerie"/>
    <file name="webpro.js" crc="3803554875" ref="contact:galerie"/>
    <file name="form_check.php" crc="277267350" ref="contact"/>
    <file name="form_throttle.php" crc="3908387251" ref="contact"/>
    <file name="form_process.php" crc="24249335" ref="contact"/>
    <file name="form-u254.php" crc="3857499530" ref="contact"/>
    <file name="musewpslideshow.js" crc="242596657" ref="galerie"/>
    <file name="jquery.museoverlay.js" crc="493285861" ref="galerie"/>
    <file name="touchswipe.js" crc="4038331989" ref="galerie"/>
  </folder>
  <folder name="images">
    <file name="imagini de fundal pentru telefon - 5.jpg" crc="4073709051" ref="index:a-propos-de-nous:contact:video:galerie"/>
    <file name="adobestock_452005635_preview.jpg" crc="4082167906" ref="index:a-propos-de-nous"/>
    <file name="image collée 1022 x 998.jpg" crc="4118502664" seo="true" ref="index:a-propos-de-nous:contact:video:galerie"/>
    <file name="adobestock_298802453_preview.jpg" crc="3930606884" ref="contact"/>
    <file name="u255-21.png" crc="15711317" ref="contact"/>
    <file name="u255-21-r.png" crc="350157407" ref="contact"/>
    <file name="u255-21-m.png" crc="4192124970" ref="contact"/>
    <file name="u255-21-fs.png" crc="3910593022" ref="contact"/>
    <file name="adobestock_295171111_preview.jpg" crc="4195771287" ref="video"/>
    <file name="adobestock_228186227_preview.jpg" crc="469716952" ref="galerie"/>
    <file name="loading.gif" crc="3815509949" ref="galerie"/>
  </folder>
  <file name="index.html" crc="246932411" seo="true" mt="1637439450274" redirect="true"/>
  <file name="a-propos-de-nous.html" crc="4160945511" seo="true" mt="1637439450274" redirect="true"/>
  <file name="contact.html" crc="180161034" seo="true" mt="1637439502160" redirect="true"/>
  <file name="video.html" crc="121138704" seo="true" mt="1637439450274" redirect="true"/>
  <file name="galerie.html" crc="495479951" seo="true" mt="1637439915490" redirect="true"/>
</manifest>